{"app":["/app-a8f0118f129c0f4924bc.js"],"component---src-pages-404-js":["/component---src-pages-404-js-64b7b42e3d2efce6fb9f.js"],"component---src-pages-index-js":["/component---src-pages-index-js-ead0f930ff7c58d11b86.js"],"component---src-pages-page-2-js":["/component---src-pages-page-2-js-f9c0996d9fe1fe70f608.js"],"component---src-pages-using-ssr-js":["/component---src-pages-using-ssr-js-2fd9537e76fde49860ef.js"],"component---src-pages-using-typescript-tsx":["/component---src-pages-using-typescript-tsx-a3cd45a2e02c6d5e4798.js"],"component---src-templates-using-dsg-js":["/component---src-templates-using-dsg-js-0d54b77c9f5deb8c7989.js"]}