{"name":"build-javascript","namedChunkGroups":{"app":{"name":"app","assets":[{"name":"webpack-runtime-48c27b9c8357e4489cd6.js","size":5040},{"name":"framework-6a525285796fb83f2864.js","size":140785},{"name":"app-a8f0118f129c0f4924bc.js","size":68539}],"filteredAssets":0,"assetsSize":214364,"filteredAuxiliaryAssets":3,"auxiliaryAssetsSize":615151},"component---src-pages-404-js":{"name":"component---src-pages-404-js","assets":[{"name":"styles.8dc662cd4ca180166645.css","size":3875},{"name":"component---src-pages-404-js-64b7b42e3d2efce6fb9f.js","size":4860}],"filteredAssets":0,"assetsSize":8735,"filteredAuxiliaryAssets":1,"auxiliaryAssetsSize":7932},"component---src-pages-index-js":{"name":"component---src-pages-index-js","assets":[{"name":"styles.8dc662cd4ca180166645.css","size":3875},{"name":"component---src-pages-index-js-ead0f930ff7c58d11b86.js","size":18875}],"filteredAssets":0,"assetsSize":22750,"filteredAuxiliaryAssets":1,"auxiliaryAssetsSize":81825},"component---src-pages-page-2-js":{"name":"component---src-pages-page-2-js","assets":[{"name":"styles.8dc662cd4ca180166645.css","size":3875},{"name":"component---src-pages-page-2-js-f9c0996d9fe1fe70f608.js","size":4898}],"filteredAssets":0,"assetsSize":8773,"filteredAuxiliaryAssets":1,"auxiliaryAssetsSize":8017},"component---src-pages-using-ssr-js":{"name":"component---src-pages-using-ssr-js","assets":[{"name":"styles.8dc662cd4ca180166645.css","size":3875},{"name":"component---src-pages-using-ssr-js-2fd9537e76fde49860ef.js","size":5480}],"filteredAssets":0,"assetsSize":9355,"filteredAuxiliaryAssets":1,"auxiliaryAssetsSize":9308},"component---src-pages-using-typescript-tsx":{"name":"component---src-pages-using-typescript-tsx","assets":[{"name":"styles.8dc662cd4ca180166645.css","size":3875},{"name":"component---src-pages-using-typescript-tsx-a3cd45a2e02c6d5e4798.js","size":5811}],"filteredAssets":0,"assetsSize":9686,"filteredAuxiliaryAssets":1,"auxiliaryAssetsSize":9693},"component---src-templates-using-dsg-js":{"name":"component---src-templates-using-dsg-js","assets":[{"name":"styles.8dc662cd4ca180166645.css","size":3875},{"name":"component---src-templates-using-dsg-js-0d54b77c9f5deb8c7989.js","size":5200}],"filteredAssets":0,"assetsSize":9075,"filteredAuxiliaryAssets":1,"auxiliaryAssetsSize":8393}},"assetsByChunkName":{"app":["webpack-runtime-48c27b9c8357e4489cd6.js","framework-6a525285796fb83f2864.js","app-a8f0118f129c0f4924bc.js"],"component---src-pages-404-js":["styles.8dc662cd4ca180166645.css","component---src-pages-404-js-64b7b42e3d2efce6fb9f.js"],"component---src-pages-index-js":["styles.8dc662cd4ca180166645.css","component---src-pages-index-js-ead0f930ff7c58d11b86.js"],"component---src-pages-page-2-js":["styles.8dc662cd4ca180166645.css","component---src-pages-page-2-js-f9c0996d9fe1fe70f608.js"],"component---src-pages-using-ssr-js":["styles.8dc662cd4ca180166645.css","component---src-pages-using-ssr-js-2fd9537e76fde49860ef.js"],"component---src-pages-using-typescript-tsx":["styles.8dc662cd4ca180166645.css","component---src-pages-using-typescript-tsx-a3cd45a2e02c6d5e4798.js"],"component---src-templates-using-dsg-js":["styles.8dc662cd4ca180166645.css","component---src-templates-using-dsg-js-0d54b77c9f5deb8c7989.js"]},"childAssetsByChunkName":{}}